orbit,repIndex,mirrorIndex,jia,yi,bing,ding
1,2277,57116,RBBB RBBY RRRR RBRB RYRB RRBB,YBYB RBYB YYYY YYYB RYYB RRYY,RYBY RBYY BBBB RRYB RRRB RRRY,YBBB RYBB YYBB RRBY RYYY RYRY
2,2378,57305,RBBB RBBY RRRR RBRB RYRB RRBB,YBYB RYYB YYYY RRBY RYYY RYRY,RYBB YBBB BBBB RRRB RBYY RYBY,YYBB RBYB YYYB RRYY RRYB RRRY
3,2385,57315,RBBB RBBY RRRR RBRB RYRB RRBB,YBYB RYYB YYYY RRBY RRYY RRRY,RYBB YYBB BBBB RRRB RBYY RYYY,YBBB RRYB YYYB RBYB RYBY RYRY
4,2396,57217,RBBB RBBY RRRR RBRB RYRB RRBB,YBYB RRYB YYYY RBYB RYBY RYRY,RYBB YYBB BBBB RRRB RBYY RYYY,YBBB RYYB YYYB RRBY RRYY RRRY
5,2400,57222,RBBB RBBY RRRR RBRB RYRB RRBB,YBYB RRYB YYYY RBYB RYBY RYRY,YYYB RRBY BBBB RYYB RRRB RRYY,YBBB RYBB YYBB RBYY RYYY RRRY
6,3789,30913,RBBB RBBY RRRR RYYB RYBY YBBB,YBYB RYBB YYYY YYBB RRYY RBYB,YYYB RBYY BBBB RRYB RYRB RYYY,RRBB RRBY RBRB RRRY RRRB RYRY
7,3814,30972,RBBB RBBY RRRR RYYB RYBY YBBB,YBYB YYYB YYYY RBYB RBYY RRYY,YYBB RRBB BBBB RRYB RYRB RYRY,RYBB RBRB RRRB RRRY RRBY RYYY
8,3815,30968,RBBB RBBY RRRR RYYB RYBY YBBB,YBYB YYYB YYYY RBYB RBYY RRYY,RYBB YYBB BBBB RYRB RRBY RYYY,RRBB RBRB RRYB RYRY RRRB RRRY
9,3839,30983,RBBB RBBY RRRR RYYB RYBY YBBB,YBYB RBYB YYYY RBYY YYYB RYRY,RYBB YYBB BBBB RRRB RRBY RRYY,RRBB RBRB RRYB RYYY RYRB RRRY
10,3864,31017,RBBB RBBY RRRR RYYB RYBY YBBB,YBYB RRYB YYYY RBYY RYYY RYRY,RRBB YYBB BBBB RRBY YYYB RRYY,RYBB RBRB RYRB RRRB RBYB RRRY
11,3865,31015,RBBB RBBY RRRR RYYB RYBY YBBB,YBYB RRYB YYYY RBYY RYYY RYRY,RRBB YYBB BBBB RRBY YYYB RRYY,RYBB RRRB RBYB RRRY RBRB RYRB
12,3866,31016,RBBB RBBY RRRR RYYB RYBY YBBB,YBYB RRYB YYYY RBYY RYYY RYRY,RRBB YYBB BBBB RRBY YYYB RRYY,RYBB RRRB RBRB RRRY RBYB RYRB
13,3869,31025,RBBB RBBY RRRR RYYB RYBY YBBB,YBYB RRYB YYYY RBYY RRYY RRRY,RYBB RRBB BBBB RRRB RYRB RYRY,YYBB RRBY RBYB RYYY RBRB YYYB
14,3895,31041,RBBB RBBY RRRR RYYB RYBY YBBB,RBYB RRYB YYYY YYYB RYYY RRYY,RRBB RYBB BBBB RRBY YBYB RRRB,YYBB RYRB RBRB RRRY RBYY RYRY
15,3898,31048,RBBB RBBY RRRR RYYB RYBY YBBB,RBYB RRYB YYYY RBYY RYYY RRRY,RRBB YYBB BBBB RRBY YYYB RRYY,RYBB RBRB RYRB RRRB YBYB RYRY
16,3901,31146,RBBB RBBY RRRR RYYB RYBY YBBB,YYBB RYBB YYYY RYYY RRYY RRBB,YBYB RBYY BBBB RRYB RBRB RBYB,YYYB RRRB RYRY RYRB RRBY RRRY
17,3921,31208,RBBB RBBY RRRR RYYB RYBY YBBB,YYBB RRYB YYYY RRYY RYRB RBRB,RRBB RYBB BBBB RRBY YBYB RRRB,RBYB YYYB RYYY RBYY RYRY RRRY
18,3922,31213,RBBB RBBY RRRR RYYB RYBY YBBB,YYBB RRYB YYYY RRYY RYRY RYRB,RRBB RYBB BBBB RRBY YBYB RRRB,RBYB YYYB RYYY RBRB RBYY RRRY
19,4211,31354,RBBB RBBY RRRR RYYB RYYY YYBB,YBBB RBYB YYYY RBYY YYYB RYRB,RRBB RYBB BBBB RRBY YBYB RRRB,RYBY RBRB RYRY RRRY RRYB RRYY
20,4223,31372,RBBB RBBY RRRR RYYB RYYY YYBB,YBBB RRYB YYYY RBYY RRYY RRRB,YBYB RYBY BBBB RBYB RRBY RRBB,RYBB RBRB RYRB RRRY YYYB RYRY
21,4224,31371,RBBB RBBY RRRR RYYB RYYY YYBB,YBBB RRYB YYYY RBYY RRYY RRRB,YBYB RYBY BBBB RBYB RRBY RRBB,RYBB RYRB RBRB RRRY YYYB RYRY
22,4225,31373,RBBB RBBY RRRR RYYB RYYY YYBB,YBBB RRYB YYYY RBYY RRYY RRRB,YBYB RRBY BBBB RYBY RBYB RBRB,RYBB RRBB RYRB RRRY RYRY YYYB
23,4253,31471,RBBB RBBY RRRR RYYB RYYY YYBB,YBYB RYBB YYYY RRBY RYRY RYBY,RRBB YBBB BBBB RBRB RBYY RBYB,YYYB RRYB RRYY RRRY RRRB RYRB
24,4290,31468,RBBB RBBY RRRR RYYB RYYY YYBB,YBYB RBYB YYYY RRBY RYBY RYRY,RYBB RRBB BBBB RRRB RBRB RYRB,YBBB RRYB YYYB RBYY RRYY RRRY
25,4313,31461,RBBB RBBY RRRR RYYB RYYY YYBB,YBYB RRYB YYYY RBYY RRYY RRRY,RYBB RRBB BBBB RRRB RYRB RYRY,YBBB RRBY RBYB RYBY RBRB YYYB
26,4404,31591,RBBB RBBY RRRR RYYB RYYY YYBB,YYYB RYBY YYYY RRYY RYRB RBYY,YBBB RYBB BBBB RRYB RBYB RBRB,RRBB YBYB RRBY RRRY RRRB RYRY
27,4405,31592,RBBB RBBY RRRR RYYB RYYY YYBB,RBYY RYBY YYYY YYYB RRYY RYRB,YBBB RYBB BBBB RRYB RBYB RBRB,RRBB YBYB RRBY RRRY RRRB RYRY
28,4406,31589,RBBB RBBY RRRR RYYB RYYY YYBB,YYYB RYBY YYYY RRYY RYRB RBYY,RYBB YBBB BBBB RBRB RRBY RBYB,RRBB RRYB YBYB RYRY RRRB RRRY
29,5449,67090,RBBB RBBY RRRR RYRB RYRY RRBB,YBBB RRYB YYYY RBYY RRYY RRRB,YYYB RBYB BBBB RYYB RBRB YYBB,RYBB YBYB RYBY RRRY RRBY RYYY
30,5496,67253,RBBB RBBY RRRR RYRB RYRY RRBB,YBYB YYBB YYYY RYBY RRYY RBYY,RYBB YBBB BBBB RBRB RRBY RBYB,YYYB RRYB RYYY RYYB RRRB RRRY
31,5540,67309,RBBB RBBY RRRR RYRB RYRY RRBB,YBYB YYYB YYYY RBYY RYYY RRYY,RYBB YBBB BBBB RBRB RRBY RBYB,YYBB RRYB RYBY RYYB RRRB RRRY
32,5614,67252,RBBB RBBY RRRR RYRB RYRY RRBB,YBYB RBYB YYYY RYBY RRYB RRYY,RYBB YYBB BBBB RBRB RBYY YYYB,YBBB RRBY RRRB RYYB RRRY RYYY
33,5672,67336,RBBB RBBY RRRR RYRB RYRY RRBB,YBYB RRYB YYYY RBYY RRYY RRRY,RYBB YBBB BBBB RBRB RRBY RBYB,YYBB RRRB RYYB YYYB RYBY RYYY
34,5673,67335,RBBB RBBY RRRR RYRB RYRY RRBB,YBYB RRYB YYYY RBYY RRYY RRRY,RYBB YBBB BBBB RBRB RRBY RBYB,YYBB RRRB RYYB YYYB RYYY RYBY
35,5724,67447,RBBB RBBY RRRR RYRB RYRY RRBB,RBYB YYYB YYYY RRBY RYYY RRYY,RYBB YBBB BBBB RBRB RBYY YBYB,YYBB RRYB RYBY RYYB RRRB RRRY
36,5775,67455,RBBB RBBY RRRR RYRB RYRY RRBB,RBYB RYYB YYYY RRBY RYYY RRRY,RYBB YBBB BBBB RBRB RBYY YBYB,YYBB RRYB RYBY YYYB RRRB RRYY
37,5776,67456,RBBB RBBY RRRR RYRB RYRY RRBB,RBYB RYYB YYYY RRBY RYYY RRRY,RYBB YBBB BBBB RBRB RBYY YBYB,YYBB RRRB RRYB YYYB RRYY RYBY
38,5788,67377,RBBB RBBY RRRR RYRB RYRY RRBB,RBYB RRYB YYYY YYBB RRYY RRRB,RYBB YBBB BBBB RBRB RBYY YBYB,YYYB RRBY RYBY RYYB RRRY RYYY
39,5880,67822,RBBB RBBY RRRR RYRB RYRY RRBB,YYBB RYBY YYYY RRYY RRRY RRYB,YBYB RRBY BBBB RYYB RBRB RBYB,YBBB RBYY RRRB RYBB RYYY YYYB
40,5925,67853,RBBB RBBY RRRR RYRB RYRY RRBB,YYBB RRYB YYYY RRYY RRRY RRRB,YBYB RRBY BBBB RYYB RBRB RBYB,YBBB RYBB YYYB RBYY RYYY RYBY
41,6479,14315,RBBB RBBY RRRR RRBB RRYY YBBB,YBYB RYBB YYYY RRBY RYRY RYBY,RBYB RBYY BBBB RBRB RYRB YYBB,YYYB RRYB RYYY RYYB RRRB RRRY
42,6589,14253,RBBB RBBY RRRR RRBB RRYY YBBB,YBYB RRYB YYYY RBYB RYBY RYRY,RYBB YYBB BBBB RBRB RBYY YYYB,RRBY RYRB RYYY RRRY RYYB RRRB
43,6763,14490,RBBB RBBY RRRR RRBB RRYY YBBB,YYYB RRYB YYYY RYYB RYBY RYRY,YBYB RBYY BBBB RBYB RYRB YYBB,RYBB RBRB RRRB RRRY RRBY RYYY
44,6772,14632,RBBB RBBY RRRR RRBB RRYY YBBB,YYYB RRYB YYYY RBYY RYRY RYBY,YBYB RBYB BBBB RYYB RYRB YYBB,RYBB RBRB RRRB RRRY RRBY RYYY
45,7077,48194,RBBB RBBY RRRR RRYB RRYY YYBB,YBYB RYBB YYYY RBYY RYYY RYBY,YBBB RRBB BBBB RYYB RBRB RBYB,YYYB RRRB RYRY RYRB RRBY RRRY
46,7078,48193,RBBB RBBY RRRR RRYB RRYY YYBB,YBYB RYBB YYYY RBYY RYYY RYBY,YBBB RRBB BBBB RYYB RBRB RBYB,YYYB RRRB RRRY RYRY RRBY RYRB
47,7082,48160,RBBB RBBY RRRR RRYB RRYY YYBB,YBYB RYBB YYYY RYBY RYRY YYYB,RRBB YBBB BBBB RBRB RBYY RBYB,RRBY RYRB RYYY RRRY RYYB RRRB
48,7114,48181,RBBB RBBY RRRR RRYB RRYY YYBB,YBYB RBYB YYYY RBYY YYYB RYRY,RYBB RRBB BBBB RBRB RYRB RYBY,YBBB RRBY RRRB RYYB RRRY RYYY
49,7151,48234,RBBB RBBY RRRR RRYB RRYY YYBB,RBYB YYYB YYYY RBYY RYYY RRRY,YBBB RYBB BBBB RYBY YBYB RBRB,RRBB RRRB RYYB RYRB RYRY RRBY
50,7152,48228,RBBB RBBY RRRR RRYB RRYY YYBB,RBYB RYYB YYYY YYYB RYYY RRRY,YBBB RYBB BBBB RYBY YBYB RBRB,RRBB RBYY RRRB RRBY RYRB RYRY
51,7161,48289,RBBB RBBY RRRR RRYB RRYY YYBB,YYYB RYBB YYYY RBYY RYRY YBYB,YBBB RRBB BBBB RYYB RBRB RBYB,RYBY RRRB RRBY RYRB RRRY RYYY
52,7194,48299,RBBB RBBY RRRR RRYB RRYY YYBB,RYBY RYBB YYYY RYYB RYYY YBYB,RRBB YBBB BBBB RBRB RBYY RBYB,YYYB RRRB RYRY RYRB RRBY RRRY
53,7195,48298,RBBB RBBY RRRR RRYB RRYY YYBB,RYBY RYBB YYYY RYYB RYYY YBYB,RRBB YBBB BBBB RBRB RBYY RBYB,YYYB RRRB RRRY RYRY RRBY RYRB
54,7219,48268,RBBB RBBY RRRR RRYB RRYY YYBB,RYBY RYYB YYYY RRRY RYYY RYRY,RYBB YBBB BBBB RBRB RBYY YBYB,RRBB YYYB RBYB RRRB RRBY RYRB
55,7220,48269,RBBB RBBY RRRR RRYB RRYY YYBB,RYYY RYYB YYYY RRRY RYRY RYBY,RYBB YBBB BBBB RBRB RBYY YBYB,RRBB YYYB RBYB RRRB RRBY RYRB
56,7249,48254,RBBB RBBY RRRR RRYB RRYY YYBB,RRBY YYYB YYYY RYRY RYYB RYBY,YBYB RBYY BBBB RBYB RBRB YBBB,RYBB RRRB RRBB RYRB RRRY RYYY
57,7257,48344,RBBB RBBY RRRR RRYB RRYY YYBB,YYYB RYYB YYYY RYYY RYRB YBBB,YBYB RYBY BBBB RBYB RRBY RRBB,RYBB RBRB RRRB RRRY RBYY RYRY
58,7258,48339,RBBB RBBY RRRR RRYB RRYY YYBB,YYYB RYYY YYYY RBYY RYRB YBBB,RYBB RRBB BBBB RBYB RYYB RYBY,YBYB RBRB RRRY RRRB RRBY RYRY
59,8729,18375,RRBB RBBY RRRR RRRB RRRY RBBB,YBBB RBYB YYYY RBYY YYBB RBRB,RYBY RRBY BBBB RYYB RYRB RRYY,RYBB YBYB YYYB RYRY RRYB RYYY
60,9380,19101,RRBB RBBY RRRR RRRB RRRY RBBB,YBYB RYYB YYYY RRBY RYYY RYRY,YBBB RYBB BBBB RRYB RBYB RBRB,YYBB RYBY RBYY RRYY RYRB YYYB
61,9417,18923,RBBB RBBY RRRR RRRB RRRY RRBB,YBYB RRYB YYYY RBYB RYBY RYRY,RYBB YYBB BBBB RBRB RBYY YYYB,YBBB RRBY RYRB RYYB RRYY RYYY
62,9453,19013,RBBB RBBY RRRR RRRB RRRY RRBB,YBYB RRYB YYYY RBYY RYYY RYRY,RYBB YBBB BBBB RBRB RRBY RBYB,YYBB RYYB RYBY YYYB RYRB RRYY
63,9744,20297,RBBB RBBY RRRR RRRB RRRY RRBB,YYBB RYBB YYYY RBYY RYRY YBBB,YBYB RRBY BBBB RYYB RBRB RBYB,YYYB RYBY RRYY RYRB RRYB RYYY
64,9745,20296,RBBB RRRB RRRR RRBB RRRY RBBY,YYBB RYBB YYYY RBYY RYRY YBBB,YBYB RRBY BBBB RYYB RBRB RBYB,YYYB RYBY RRYY RYRB RRYB RYYY
65,9918,20600,RBBB RBBY RRRR RRRB RRRY RRBB,YYBB RYBY YYYY RRYY RYRY RYYB,YBYB RBYY BBBB RRYB RBRB RBYB,YBBB RRBY RYRB RYBB RYYY YYYB
66,9919,20599,RBBB RRRB RRRR RRBB RRRY RBBY,YYBB RYBY YYYY RRYY RYRY RYYB,YBYB RBYY BBBB RRYB RBRB RBYB,YBBB RRBY RYRB RYBB RYYY YYYB
67,9920,20601,RRBB RBBY RRRR RRRB RRRY RBBB,YYBB RYBY YYYY RRYY RYRY RYYB,YBYB RBYY BBBB RRYB RBRB RBYB,YBBB RRBY RYRB RYBB RYYY YYYB
68,9943,20026,RBBB RRRB RRRR RRBB RRRY RBBY,YYBB RYYB YYYY RRYY RYYY RYRB,YBYB RBYY BBBB RRYB RBRB RBYB,YBBB RYBB YYYB RRBY RYRY RYBY
69,9944,20028,RRBB RBBY RRRR RRRB RRRY RBBB,YYBB RYYB YYYY RRYY RYYY RYRB,YBYB RBYY BBBB RRYB RBRB RBYB,YBBB RYBB YYYB RRBY RYRY RYBY
70,9954,20153,RBBB RBBY RRRR RRRB RRRY RRBB,YYBB RRYB YYYY RYYB RYBY RYRB,RYBB YBBB BBBB RBRB RRBY RBYB,YBYB YYYB RYYY RBYY RYRY RRYY
71,10033,20803,RBBB RRRB RRRR RRBB RRRY RBBY,YYBB RRYB YYYY RRYY RYRY RYRB,YBYB RRBY BBBB RYYB RBRB RBYB,YBBB RYBB YYYB RBYY RYYY RYBY
72,10034,20805,RRBB RBBY RRRR RRRB RRRY RBBB,YYBB RRYB YYYY RRYY RYRY RYRB,YBYB RRBY BBBB RYYB RBRB RBYB,YBBB RYBB YYYB RBYY RYYY RYBY
73,10136,20610,RRBB RBBY RRRR RRRB RRRY RBBB,YYYB RYBY YYYY RBYY RYRB YYBB,YBBB RYBB BBBB RRYB RBYB RBRB,YBYB RRBY RYRY RYYB RRYY RYYY
74,10158,20633,RBBB RBBY RRRR RRRB RRRY RRBB,RBYY RYBY YYYY YYYB RRYY RYRB,YBYB RRBY BBBB RYYB RBRB RBYB,YBBB RRYB YYBB RYBB RYRY RYYY
75,10159,20632,RBBB RRRB RRRR RRBB RRRY RBBY,RBYY RYBY YYYY YYYB RRYY RYRB,YBYB RRBY BBBB RYYB RBRB RBYB,YBBB RRYB YYBB RYBB RYRY RYYY
76,10370,20163,RRBB RBBY RRRR RRRB RRRY RBBB,YYYB RRYB YYYY RYYB RYBY RYRY,RYBB YBBB BBBB RBRB RBYY YBYB,YYBB RRBY RBYB RRYY RYRB RYYY
77,10378,20167,RBBB RRRB RRRR RRBB RRRY RBBY,YYYB RRYB YYYY RYYB RYBY RYRY,RYBB YYBB BBBB RYRB RRBY RYYY,YBBB YBYB RBYY RBRB RBYB RRYY
78,10407,20852,RBBB RBBY RRRR RRRB RRRY RRBB,YYYB RRYB YYYY RBYY RYRY RYBY,RYBB YYBB BBBB RYRB RRBY RYYY,YBBB RBRB RYYB YBYB RBYB RRYY
79,10594,19897,RBBB RRRB RRRR RRBB RRRY RBBY,RBYY YYYB YYYY RYYY RRYY RYRY,YBYB RRBY BBBB RYYB RBRB RBYB,YBBB RYRB RRYB YYBB RYBY RYBB
80,10632,19550,RBBB RBBY RRRR RRRB RRRY RRBB,RBYY RYBY YYYY YYBB RRBY RYRB,YBBB RYBB BBBB RRYB RBYB RBRB,YBYB YYYB RRYY RYYB RYRY RYYY
81,10860,19760,RBBB RBBY RRRR RRRB RRRY RRBB,RYBY RYYB YYYY RRYY YYYB RYRB,YBYB RBYY BBBB RRYB RBRB RBYB,YBBB RYBB YYBB RRBY RYYY RYRY
82,10893,20888,RBBB RBBY RRRR RRRB RRRY RRBB,RYBY RRYB YYYY RRYY RYYY RYRY,RYBB YYBB BBBB RBRB RBYY YYYB,YBBB RYYB YBYB RRBY RBYB RYRB
83,10895,20889,RRBB RBBY RRRR RRRB RRRY RBBB,RYBY RRYB YYYY RRYY RYYY RYRY,RYBB YYBB BBBB RBRB RBYY YYYB,YBBB RYYB YBYB RRBY RBYB RYRB
84,10929,20927,RBBB RBBY RRRR RRRB RRRY RRBB,RYBY RRYB YYYY RRYY RYYY RYRY,YBYB RRBY BBBB RYYB RBRB RBYB,YBBB RYBB YYBB RBYY YYYB RYRB
85,11217,19997,RBBB RBBY RRRR RRRB RRRY RRBB,RRBY YYYB YYYY RYRY RYYB RYBY,RYBB YBBB BBBB RBRB RBYY YBYB,YYBB RBYB RRYB RYYY RYRB RRYY
86,11219,19998,RRBB RBBY RRRR RRRB RRRY RBBB,RRBY YYYB YYYY RYRY RYYB RYBY,RYBB YBBB BBBB RBRB RBYY YBYB,YYBB RBYB RRYB RYYY RYRB RRYY
87,11222,20001,RRBB RBBY RRRR RRRB RRRY RBBB,RRBY YYYB YYYY RYRY RYYB RYBY,RYBB YBBB BBBB RBRB RBYY YBYB,YYBB RRYB RBYB RRYY RYRB RYYY
88,11269,20677,RBBB RRRB RRRR RRBB RRRY RBBY,RRBY RYBY YYYY RYYY RRYY RYRY,YBYB RBYY BBBB RRYB RBRB RBYB,YBBB RYRB RYYB YYBB YYYB RYBB
89,12160,24000,RBBB RRBB RRRR RBYB RRYB YYBB,YBYB RYBB YYYY RRBY RYRY RYBY,YBBB RBBY BBBB RYYB RYRB YYYB,RBYY RBRB RRYY RYYY RRRB RRRY
90,12290,24069,RBBB RRBB RRRR RBYB RRYB YYBB,RBYY RYBY YYYY YYYB RRBY RYRY,YBBB RBBY BBBB RYYB RBRB YBYB,RYBB RYRB RRRB RRRY RRYY RYYY
91,12346,24038,RBBB RRBB RRRR RBYB RRYB YYBB,RBBY YYYB YYYY RYRY RRYY RYBY,RYBB YBBB BBBB RBRB RBYY YBYB,RRBY RYRB RYYY RRRY RYYB RRRB
92,12407,24081,RBBB RRBB RRRR RBYB RRYB YYBB,RRBY YYYB YYYY RYRY RYYB RYBY,RYBB YBBB BBBB RBRB RBYY YBYB,RBBY RRRB RYRB RYYY RRYY RRRY
93,12546,24396,RBBB RRBB RRRR RBYB RRYB YYBB,RBYY RRYY YYYY RRRY RYRB RBRB,YBBB RBBY BBBB RYYB RRRB RYBY,RYBB YYYB YBYB RYRY RRBY RYYY
94,12586,24351,RBBB RRBB RRRR RBYB RRYB YYBB,RRYY RYYB YYYY RYRB RRRY RBRB,RYBB YBBB BBBB RRRB RBYY RYBY,RBBY YYYB YBYB RYYY RRBY RYRY
95,12660,24481,RBBB RRBB RRRR RBYB RRRB RBBY,YBBB YYYB YYYY RYBY RYYB YBYB,RYBB YYBB BBBB RYRB RRBY RYYY,RBYY RBRB RYRY RRYY RRYB RRRY
96,12778,24595,RBBB RRBB RRRR RBYB RRRB RBBY,YBYB RYYB YYYY RRBY RYYY RYRY,YYBB YBBB BBBB YYYB RYBY RBYY,RYBB RBRB RYRB RRRY RRYB RRYY
97,12781,24596,RBBB RRBB RRRR RBYB RRRB RBBY,YBYB RYYB YYYY RRBY RYYY RYRY,RYBB YYBB BBBB RBRB RBYY YYYB,YBBB RYRB RRYB RYBY RRRY RRYY
98,12785,24561,RBBB RRBB RRRR RBYB RRRB RBBY,YBYB RRYB YYYY YYBB RYYY RYBY,RYBB YBBB BBBB RYRB RBYY YYYB,RRBY RBRB RYRY RRYY RYYB RRRY
99,12865,24795,RBBB RRBB RRRR RBYB RRRB RBBY,YYBB RRYB YYYY RRYY RYRY RYRB,RYBB YBBB BBBB RBRB RBYY YBYB,YYYB RRBY RYBY RYYB RRRY RYYY
100,15212,35487,RBBB RRBB RRRR RYYB RRYY YYBB,YBYB RYBB YYYY RBYY RYYY RYBY,RBBY YBBB BBBB RBYB RRBY RBRB,YYYB RRRB RYRB RYRY RRYB RRRY
101,15213,35486,RBBB RRBB RRRR RYYB RRYY YYBB,YBYB RYBB YYYY RBYY RYYY RYBY,RBBY YBBB BBBB RBYB RRBY RBRB,YYYB RRRB RRRY RYRB RRYB RYRY
102,15223,35461,RBBB RRBB RRRR RYYB RRYY YYBB,YBYB RYBB YYYY RYBY RYRY YYYB,RBBY YBBB BBBB RBYB RRBY RBRB,RBYY RRRB RYRB RYYY RRYB RRRY
103,15250,35508,RBBB RRBB RRRR RYYB RRYY YYBB,YBYB RBYB YYYY RRBY RYBY RYRY,RYBB YBBB BBBB RYRB RBYY YYYB,RBBY RRRB RBRB RYYY RRYB RRRY
104,15322,35598,RBBB RRBB RRRR RYYB RRYY YYBB,YYYB RYBB YYYY RBYY RYRY YBYB,YBBB RBBY BBBB RRYB RBRB RBYB,RYBY RRBY RYRB RRRY RRRB RYYY
105,15325,35597,RBBB RRBB RRRR RYYB RRYY YYBB,YYYB RYBB YYYY RBYY RYRY YBYB,RBBY YBBB BBBB RBYB RRBY RBRB,RYBY RRRB RYYY RYRB RRRY RRYB
106,15396,35635,RBBB RRBB RRRR RYYB RRYY YYBB,RBBY RYBY YYYY RYYY RBYY YBYB,YBBB RYBB BBBB RRYB RBYB RBRB,YYYB RRRB RYRY RYRB RRBY RRRY
107,15397,35634,RBBB RRBB RRRR RYYB RRYY YYBB,RBBY RYBY YYYY RYYY RBYY YBYB,YBBB RYBB BBBB RRYB RBYB RBRB,YYYB RRRB RRRY RYRY RRBY RYRB
108,15400,35633,RBBB RRBB RRRR RYYB RRYY YYBB,RBBY RYBY YYYY RYYY RBYY YBYB,RYBB YBBB BBBB RBRB RRBY RBYB,YYYB RRRB RYRB RYRY RRYB RRRY
109,15401,35632,RBBB RRBB RRRR RYYB RRYY YYBB,RBBY RYBY YYYY RYYY RBYY YBYB,RYBB YBBB BBBB RBRB RRBY RBYB,YYYB RRRB RRRY RYRB RRYB RYRY
110,15402,35641,RBBB RRBB RRRR RYYB RRYY YYBB,RBBY RYBY YYYY RYRY RYRB YBYB,YBBB RYBB BBBB RRYB RBYB RBRB,YYYB RRBY RRRY RBYY RRRB RYYY
111,15427,35615,RBBB RRBB RRRR RYYB RRYY YYBB,RYBY RYBB YYYY RYRB RYRY YBYB,YBBB RBBY BBBB RRYB RBRB RBYB,YYYB RRBY RRRY RBYY RRRB RYYY
112,16146,69079,RBBB RRBB RRRR RYRB RRYY RYBB,YBYB RRYB YYYY RBYY RYYY RYRY,YYBB RBBY BBBB RYYB RBRB YYYB,YBBB RBYB RYBY RRBY RRRB RRRY
113,16228,69189,RBBB RRBB RRRR RYRB RRYY RYBB,RBYY RYBY YYYY YYYB RRBY RYRY,YBBB YYBB BBBB RYYB RBYB YBYB,RBBY RRRB RBRB RYYY RRYB RRRY
114,16262,69128,RBBB RRBB RRRR RYRB RRYY RYBB,RBBY YYBB YYYY RYRY RYYB YBBB,YBYB RYBY BBBB RRYB RBYB RBRB,YYYB RRBY RRRY RBYY RRRB RYYY
115,16333,69194,RBBB RRBB RRRR RYRB RRYY RYBB,RRBY YYYB YYYY RYRY RYYB RYBY,YYBB YBBB BBBB RBYB RBYY YBYB,RBBY RRRB RBRB RYYY RRYB RRRY
116,16473,50872,RBBB RRBB RRRR RRYB RRRB YBBB,YBYB RYBB YYYY RRBY RYRY RYBY,YYBB RBBY BBBB RYYB RBRB YYYB,RBYB RYRB RRYY RBYY RYYY RRRY
117,16894,51300,RBBB RRBB RRRR RRYB RRRB YBBB,RBBY RYBY YYYY RYYY RBYY YBYB,RYBB YYBB BBBB RYRB RBYB YYYB,RRBY RBRB RYRY RRYY RYYB RRRY
118,17387,51757,RBBB RRBB RRRR RRYB RRRY YYBB,YBYB RYBB YYYY RBYY RYYY RYBY,RBBY YBBB BBBB RBYB RRBY RBRB,YYYB RRRB RYRY RRYY RYRB RYYB
119,17555,52045,RBBB RRBB RRRR RRYB RRRY YYBB,YYYB RYBB YYYY RBYY RYRY YBYB,RBBY YBBB BBBB RBYB RRBY RBRB,RYBY RRRB RYRB RRYY RYYB RYYY
120,17697,51936,RBBB RRBB RRRR RRYB RRRY YYBB,RBYY RYBY YYYY YYYB RRBY RYRY,YBBB RBBY BBBB RYYB RBRB YBYB,RYBB RBYB RRRB RRYY RYRB RYYY
121,17730,52074,RBBB RRBB RRRR RRYB RRRY YYBB,RBBY RYBY YYYY RYYY RBYY YBYB,RYBB YBBB BBBB RBRB RRBY RBYB,YYYB RRRB RYRY RRYY RYRB RYYB
122,17749,52054,RBBB RRBB RRRR RRYB RRRY YYBB,RYBY RYBB YYYY RYYB RYYY YBYB,RBBY YBBB BBBB RBYB RRBY RBRB,YYYB RRRB RBYY RRYY RYRB RYRY
123,23243,28824,RBBB RBYB RRRR RYYB RYRB RYBY,YYBB RYBB YYYY RBYY RYRY YBBB,RBBY RRBB BBBB YBYB RRYB RRRB,YYYB RBRB RRRY RRYY RRBY RYYY
124,23295,28848,RBBB RBYB RRRR RYYB RYRB RYBY,YYYB RYBB YYYY RBYY RYRY YBYB,YBBB YYBB BBBB RRBB RRBY RRYY,RBBY RRRB RBRB RYYY RRYB RRRY
125,25382,41095,RBBB RBYB RRRR RRYB RRBB YBYB,RYBY YYBB YYYY RYRY RRYY RBYY,YBBB RBBY BBBB RYYB RYRB YYYB,RYBB RBRB RRRB RRRY RRBY RYYY
126,26699,41730,RBBB RBYB RRRR RRYB RRRB RYBY,YBYB RYYB YYYY RRBY RYYY RYRY,RYBB YYBB BBBB RBRB RBYY YYYB,YBBB RBBY RRBB RYRB RRRY RRYY
127,26704,41734,RBBB RBYB RRRR RRYB RRRB RYBY,YBYB RYYB YYYY RRBY RRYY RRRY,RYBB YYBB BBBB RBRB RBYY YYYB,YBBB RRBB RBBY RYRB RYYY RYRY
128,26990,41947,RBBB RBYB RRRR RRYB RRRB RYBY,RYYY RYYB YYYY RYRB RYRY YBYB,RYBB YYBB BBBB RBRB RBYY YYYB,YBBB RRBY RRBB RBBY RRRY RRYY
129,27000,42073,RBBB RBYB RRRR RRYB RRRB RYBY,RYYY RRYY YYYY RYRY RYRB RYYB,RYBB YBBB BBBB RBRB RBYY YBYB,YYBB RBBY RRBB RRBY RRRY YYYB
130,27038,42028,RBBB RBYB RRRR RRYB RRRB RYBY,RRYY RYYY YYYY RYRB RYRY RBYY,RRBB RYBB BBBB RRBY YYYB RRRY,YBBB RBBY RBRB RYYB YBYB YYBB
131,36283,48493,RBBB RBYY RRRR RRYB RRYY YYYB,YBYB YYBB YYYY RRBY RYYY RYBY,YBBB RYBB BBBB RRBB RBYB RYRB,RBBY RRRB RBRB RYRY RYYB RRRY
132,36286,48489,RBBB RBYY RRRR RRYB RRYY YYYB,YBYB YYBB YYYY RRBY RYYY RYBY,YBBB RRBB BBBB RBYB RYRB RBBY,RYBB RRRB RBRB RRRY RYYB RYRY
133,36301,48513,RBBB RBYY RRRR RRYB RRYY YYYB,YBYB RYBB YYYY RRBY RYRY RYBY,YBBB RRBB BBBB YYBB RBYB RYYB,RBBY RBRB RRRB RYYY RYRB RRRY
134,36304,48514,RBBB RBYY RRRR RRYB RRYY YYYB,YBYB RYBB YYYY RRBY RYRY RYBY,YBBB RRBB BBBB YYBB RYYB RYYY,RBBY RYRB RBRB RRRY RBYB RRRB
135,36307,48519,RBBB RBYY RRRR RRYB RRYY YYYB,YBYB RYBB YYYY RRBY RYRY RYBY,RYYB RBYB BBBB RYRB RBRB YYBB,YBBB RBBY RRBB RRRB RRRY RYYY
136,36328,48457,RBBB RBYY RRRR RRYB RRYY YYYB,YBYB RYYB YYYY RBBY RYYY RYBY,YBBB RYBB BBBB RRBB RBYB RYRB,YYBB RBRB RRRB RRRY RRBY RYRY
137,36329,48458,RBBB RBYY RRRR RRYB RRYY YYYB,YBYB RYYB YYYY RBBY RYYY RYBY,RRBB YBBB BBBB RYRB RBYB RYBB,YYBB RBRB RRRB RRRY RRBY RYRY
138,36379,48643,RBBB RBYY RRRR RRYB RRYY YYYB,YYBB RYBB YYYY RYYY RYRB YBBB,YBYB RYBY BBBB RBYB RRBY RRBB,RBBY RRRB RBRB RYRY RYYB RRRY
139,36401,48563,RBBB RBYY RRRR RRYB RRYY YYYB,RBBY YYBB YYYY RYRB RYYY YBBB,RYBB RRBB BBBB RBYB RYYB RYBY,YBYB RBRB RRRY RRRB RRBY RYRY
140,36406,48558,RBBB RBYY RRRR RRYB RRYY YYYB,RBBY YYBB YYYY RYRY RYYB YBBB,RYBB RRBB BBBB RBRB RYRB RYBY,YBYB RBYB RRRY RRRB RRBY RYYY
141,36456,48656,RBBB RBYY RRRR RRYB RRYY YYYB,RYBY RYBB YYYY RYYB RYYY YBYB,YBBB RRBB BBBB RBBY RBYB RYRB,YYBB RBRB RRRB RRRY RRBY RYRY
142,36461,48663,RBBB RBYY RRRR RRYB RRYY YYYB,RYBY RYBB YYYY RYRB RYRY YBYB,RBBY YBBB BBBB RBYB RRBY RBRB,YYBB RRRB RRBB RYYB RRRY RYYY
143,36499,48597,RBBB RBYY RRRR RRYB RRYY YYYB,RRBY YYBB YYYY RYRB RYYY RBYB,YBBB RYBB BBBB YBYB RYBY RRBB,RBBY RRRB RBRB RYRY RYYB RRRY
144,36500,48596,RBBB RBYY RRRR RRYB RRYY YYYB,RRBY YYBB YYYY RYRB RYYY RBYB,RBBY YBBB BBBB RYBY YBYB RRBB,RYBB RRRB RBRB RRRY RYYB RYRY
145,36624,48799,RBBB RBYY RRRR RRYB RRRY RYBY,YYBB YYYB YYYY RYYY RYYB YBYB,RBBY YBBB BBBB RBYB RRBY RBRB,RYBB RYRB RRBB RRRB RRYY RYRY
146,36625,48796,RBBB RBYY RRRR RRYB RRRY RYBY,YBYB YYYB YYYY YYBB RYYY RYYB,RYBB YBBB BBBB RBRB RRBY RBYB,RBBY RRBB RYRB RYRY RRYY RRRB
147,36634,48819,RBBB RBYY RRRR RRYB RRRY RYBY,YBYB RBYB YYYY YYYB RYYB RRYY,RYBB RRBB BBBB RRRB RBRB RYRB,YBBB RBBY YYBB RRBY RYRY RYYY
148,36766,48926,RBBB RBYY RRRR RRYB RRRY RYBY,RBBY YYYB YYYY RYRY RYYB YBYB,YBBB RYBB BBBB RRBB RBYB RYRB,YYBB RRBY RBRB RRYY RRRB RYYY
149,36767,48927,RBBB RBYY RRRR RRYB RRRY RYBY,RBBY YYYB YYYY RYRY RYYB YBYB,RRBB YBBB BBBB RYRB RBYB RYBB,YYBB RRBY RBRB RRYY RRRB RYYY
150,36768,48928,RBBB RBYY RRRR RRYB RRRY RYBY,RBBY YYYB YYYY RYRY RYYB YBYB,YBBB RYBB BBBB RRBB RBYB RYRB,YYBB RBRB RRRB RRYY RRBY RYYY
151,36804,48906,RBBB RBYY RRRR RRYB RRRY RYBY,RRBY YYBB YYYY RRYY RYYY RRRB,YBBB RBBY BBBB RYYB RBRB YBYB,RYBB RRBB RBYB RYRY RYRB YYYB
152,36875,49073,RBBB RBYY RRRR RRYB RRRY RYBY,RYYY RYYB YYYY RYRB RYRY YBYB,RBBY YBBB BBBB RBYB RRBY RBRB,YYBB RRBB RYBB YYYB RRRB RRYY
153,36876,49072,RBBB RBYY RRRR RRYB RRRY RYBY,RYYY RYYB YYYY RYRB RYRY YBYB,RYBB YBBB BBBB RBRB RRBY RBYB,YYBB RBBY RRBB RRYY RRRB YYYB
154,36880,49077,RBBB RBYY RRRR RRYB RRRY RYBY,RYYY RYYB YYYY RYRB RYRY YBYB,RRBB YYBB BBBB RBRB RBYB RBBY,YBBB RRBY RRRB RYBB RRYY YYYB
155,63465,70114,RBBB RBRB RRRR RRRB RRBY RYRB,YBYB RYBB YYYY YYBB RRYY RBYB,RBBY RRBB BBBB RYBY RYYB RRRY,YBBB RRYB YYYB RBYY RYYY RYRY
156,63757,70324,RBBB RBRB RRRR RRRB RRBY RYRB,YBYB RBYB YYYY YYYB RYYB RRYY,RRBB RYBB BBBB RBYY RYBY RRRY,YBBB RRYB YYBB RBBY RYYY RYRY
157,63758,70323,RBBB RRRB RRRR RYRB RRBY RBRB,YBYB RBYB YYYY YYYB RYYB RRYY,RRBB RYBB BBBB RBYY RYBY RRRY,YBBB RRYB YYBB RBBY RYYY RYRY
158,64135,70892,RBBB RBRB RRRR RRRB RRBY RYRB,YBYB RRYB YYYY RBYY RYYY RYRY,RBBY RRBB BBBB RYBY RYYB RRRY,YBBB RYBB YYYB YYBB RRYY RBYB
159,64167,70918,RBBB RBRB RRRR RRRB RRBY RYRB,YBYB RRYB YYYY RBYY RRYY RRRY,RYBB RRBB BBBB RBYB RYYB RYBY,YBBB YYYB RBBY YYBB RYRY RYYY
160,64168,70917,RBBB RRRB RRRR RYRB RRBY RBRB,YBYB RRYB YYYY RBYY RRYY RRRY,RYBB RRBB BBBB RBYB RYYB RYBY,YBBB YYYB RBBY YYBB RYRY RYYY
161,64180,70271,RBBB RRRB RRRR RYRB RRBY RBRB,YBYB RRYB YYYY RBBY RYRY RYBY,YBBB YYBB BBBB RRBB RBYY RYYY,RYBB RBYB YYYB RRYY RYYB RRRY
162,64898,72187,RBBB RRRB RRRR RYRB RRBY RBRB,YYYB RYBB YYYY RBYY RYRY YBYB,YBBB RBBY BBBB YYBB RRBB RYBY,RBYB RYYB RYYY RRYB RRYY RRRY
163,64900,72185,RBBB RRRB RRRR RYRB RRBY RBRB,YYYB RYBB YYYY RBYY RYRY YBYB,YBBB RBBY BBBB YYBB RRBB RYBY,RBYB RRYB RYYY RYYB RRYY RRRY
164,65798,71519,RBBB RRRB RRRR RYRB RRBY RBRB,RBBY YYYB YYYY RYRY RYYB YBYB,YYBB RRBB BBBB YBBB RYBB RYBY,RBYB RBYY RRRY RRYB RRYY RYYY
165,78480,84140,RBYB RBBY RRRR RRBB RRYY YBYB,YYYB RRYB YYYY RYYB RYBY RYRY,RBBB YBBB BBBB RYRB RBYY YYBB,RYBB RBRB RRRB RRRY RRBY RYYY
166,78886,103111,RBYB RBBY RRRR RRYB RRYY YYYB,YBYB RYBB YYYY RBYY RYYY RYBY,RBBB YYBB BBBB RRBB RRBY RRRY,YBBB RYRB RRRB RBRB RYYB RYRY
167,78947,103137,RBYB RBBY RRRR RRYB RRYY YYYB,YBYB RYYB YYYY RRBY RYYY RYRY,YYBB RRBB BBBB YBBB RYBB RYBY,RBBB RYRB RBRB RRRB RBYY RRRY
168,79596,136497,RBYB RBBY RRRR RRRB RRYY RYBY,YBYB RYYB YYYY RRBY RYYY RYRY,YYBB RRBB BBBB RRYB RBRB RYRB,YBBB RBBB RYBB YYYB RRRY RBYY
169,79598,136490,RBYB RBBY RRRR RRRB RRYY RYBY,YBYB RYYB YYYY RRBY RYYY RYRY,RYBB YBBB BBBB RYRB RBYY YYYB,RBBB RRBB RRYB YYBB RRRY RBRB
170,79600,136493,RBYB RBBY RRRR RRRB RRYY RYBY,YBYB RYYB YYYY RRBY RYYY RYRY,RYBB YYBB BBBB RBRB RBYY YYYB,YBBB RYRB RRBB RBBB RRRY RRYB
171,79802,136626,RBYB RBBY RRRR RRRB RRYY RYBY,RYYY RYYB YYYY RYRY RYRB YYBB,RBBB RYBB BBBB RRBY YBYB RBRB,YBBB RRBB RRYB YYYB RRRY RBYY
172,80910,112849,RBYB RRBB RRRR RBRB RRYB RYBY,YYYB RYBB YYYY RBYY RYRY YBYB,YBBB YYBB BBBB RBBB RBBY RRYY,RRBY RYRB RYYY RRRY RYYB RRRB
173,81922,113691,RBYB RRBB RRRR RBRB RRRB RRBY,YBYB RRYB YYYY RBYY RRYY RRRY,YBBB RBBY BBBB RYYB RYRB YYYB,RBBB RYBY YYBB RYBB RYRY RYYY
174,84806,96617,RBYB RRBB RRRR RYYB RRYY YYYB,YBYB RYBB YYYY RRBY RYRY RYBY,RBBB RBBY BBBB RBRB RYRB YYBB,YBBB RBYY RRRB RRYB RRRY RYYY
175,84863,96672,RBYB RRBB RRRR RYYB RRYY YYYB,YYBB RYBB YYYY RBYY RYRY YBBB,RBBY RBBB BBBB YBYB RRYB RBRB,RYBY RRBY RYRB RRRY RRRB RYYY
176,84974,96752,RBYB RRBB RRRR RYYB RRYY YYYB,RBBY RYBY YYYY RYRB RYRY YYBB,RBBB RYBB BBBB RRBY YBYB RBRB,YBBB RBYY RRRB RRYB RRRY RYYY
177,87541,129105,RBYB RRBB RRRR RYRB RRRY RRBY,YBYB RRYB YYYY RBYY RYYY RYRY,YYBB RBBY BBBB RYYB RBRB YYYB,YBBB RBBB RYBB RYBY RRRB RRYY
178,87610,129546,RYRB RRBB RRRR RRBY RRRY RBYB,YYBB RYBB YYYY RBYY RYRY YBBB,RBBY RBBB BBBB YBYB RRYB RBRB,YYYB RYBY RYYB RRYY RRRB RYYY
179,87612,129548,RYRB RRBB RRRR RRBY RRRY RBYB,YYBB RYBB YYYY RBYY RYRY YBBB,RBBY RBBB BBBB YBYB RRYB RBRB,YYYB RYBY RYYY RYYB RRRB RRYY
180,87613,129549,RBYB RRBB RRRR RYRB RRRY RRBY,YYBB RYBB YYYY RBYY RYRY YBBB,RBBY RBBB BBBB RYBY RRYB RRRB,YBYB YYYB RRYY RBRB RYYB RYYY
181,87614,129550,RYRB RRBB RRRR RRBY RRRY RBYB,YYBB RYBB YYYY RBYY RYRY YBBB,RBBY RBBB BBBB RYBY RRYB RRRB,YBYB YYYB RRYY RBRB RYYB RYYY
182,87780,129564,RYRB RRBB RRRR RRBY RRRY RBYB,YYYB RYBB YYYY RRYY RYRY RYBY,YBBB RBBY BBBB RYYB RBRB YBYB,RBBB YYBB RBYY RRRB RYYY RRYB
183,87964,129518,RYRB RRBB RRRR RRBY RRRY RBYB,YYYB RRYB YYYY RYYB RYBY RYRY,RBBB YBBB BBBB YYBB YBYB RYBB,RBBY RBRB RRRB RYYY RBYY RRYY
184,87965,129519,RBYB RRBB RRRR RYRB RRRY RRBY,YYYB RRYB YYYY RYYB RYBY RYRY,YYBB RBBB BBBB YBBB RYBB YBYB,RBBY RBRB RRRB RYYY RBYY RRYY
185,87970,129516,RYRB RRBB RRRR RRBY RRRY RBYB,YYYB RRYB YYYY RYYB RYBY RYRY,YBBB RBBY BBBB YYBB RBBB YBYB,RYBB RBRB RRRB RRYY RBYY RYYY
186,87971,129521,RBYB RRBB RRRR RYRB RRRY RRBY,YYYB RRYB YYYY RYYB RYBY RYRY,RYBB YBBB BBBB RBRB RBYY YBYB,RBBB YYBB RBBY RRRB RYYY RRYY
187,87975,129711,RBYB RRBB RRRR RYRB RRRY RRBY,YYYB RRYB YYYY RBYY RYRY RYBY,RBBB YBBB BBBB YYBB YBYB RYBB,RBBY RRRB RBRB RYYY RYYB RRYY
188,87976,129712,RYRB RRBB RRRR RRBY RRRY RBYB,YYYB RRYB YYYY RBYY RYRY RYBY,RBBB YBBB BBBB YYBB YBYB RYBB,RBBY RRRB RBRB RYYY RYYB RRYY
189,87977,129713,RBYB RRBB RRRR RYRB RRRY RRBY,YYYB RRYB YYYY RBYY RYRY RYBY,YYBB RBBB BBBB YBBB RYBB YBYB,RBBY RRRB RBRB RYYY RYYB RRYY
190,87978,129714,RYRB RRBB RRRR RRBY RRRY RBYB,YYYB RRYB YYYY RBYY RYRY RYBY,YYBB RBBB BBBB YBBB RYBB YBYB,RBBY RRRB RBRB RYYY RYYB RRYY
191,87980,129708,RYRB RRBB RRRR RRBY RRRY RBYB,YYYB RRYB YYYY RBYY RYRY RYBY,RBBB YYBB BBBB YBBB YBYB RBBY,RYBB RRRB RBRB RRYY RYYB RYYY
192,88673,105235,RBYB RRBB RRRR RRYB RRRB YYBB,RBBY YYYB YYYY RYRB RYYB YBBB,RBBB RYBB BBBB RRBY YBYB RBRB,RBYY RYBY RYYY RYRY RRYY RRRY
193,89040,105724,RBYB RRBB RRRR RRYB RRRY YYYB,YBYB RYBB YYYY RRBY RYRY RYBY,RBBB YBBB BBBB RYRB RBYY YYBB,RBBY RRRB RBRB RYYY RYYB RRYY
194,89063,105709,RBYB RRBB RRRR RRYB RRRY YYYB,YBYB RYYB YYYY RRBY RYYY RYRY,YBBB YYBB BBBB RBBB RBBY RRYY,RYBB RYRB RBRB RRRB RBYY RYBY
195,89155,105965,RBYB RRBB RRRR RRYB RRRY YYYB,RBBY RYBY YYYY RYRB RYRY YYBB,RYBB YBBB BBBB RBRB RBYY YBYB,RBBB RRBY RRRB RYYB RRYY RYYY
196,93011,109731,RBYB RBYY RRRR RBRB RYRB RRYY,YBYB RYBB YYYY RRBY RYRY RYBY,RBBB RRBB BBBB YYBB RRYB RRRY,YBBB RBBY RRRB RYYB RYYY YYYB
197,93418,109962,RBYB RBYY RRRR RBRB RYRB RRYY,RBBY YYYB YYYY RYRY RYYB YBYB,YBBB RRBB BBBB RYBY RRYB RRRB,RBBB RYBB YYBB RRBY RYYY RRRY
198,93639,110002,RBYB RBYY RRRR RBRB RYRB RRYY,RRBY YYYB YYYY RYRY RYYB RYBY,RBBY RRBB BBBB YBYB RRYB RRRB,YBBB YYBB RBBB RYBB RRRY RYYY
199,96950,103887,RBYB RBYY RRRR RRYB RRRY RYYY,YBYB RYBB YYYY RRBY RYRY RYBY,YBBB RBBY BBBB RBBB RYRB YYYB,YYBB RBRB RRRB RRYY RRBB RYYB
200,96955,103895,RBYB RBYY RRRR RRYB RRRY RYYY,YBYB RYBB YYYY RRBY RYRY RYBY,YBBB RBBB BBBB YYBB RRBB RBBY,YYYB RRRB RYRB RRYY RBRB RYYB
201,96984,103800,RBYB RBYY RRRR RRYB RRRY RYYY,YBYB RYBY YYYY YYBB RRYY RYYB,YBBB RBBY BBBB RBBB RYRB YYYB,RYBB RBRB RRBB RRRB RRBY RYRY
202,97146,103968,RBYB RBYY RRRR RRYB RRRY RYYY,RBBY YYYB YYYY RYRY RYYB YBYB,YBBB RRBB BBBB RYBB RBBB RBRB,YYBB RYRB RRRB RRBY RRYY RYBY
203,97152,103983,RBYB RBYY RRRR RRYB RRRY RYYY,RBBY YYYB YYYY RYRY RYYB YBYB,YYBB RRBB BBBB YBBB RBBB RYBB,RYBY RBRB RRBY RYRB RRRB RRYY
204,97153,103984,RBYB RBYY RRRR RRYB RRRY RYYY,RBBY YYYB YYYY RYRY RYYB YBYB,YYBB RRBB BBBB YBBB RYBB RYBY,RBBB RRBY RBRB RRRB RYRB RRYY
205,97165,103990,RBYB RBYY RRRR RRYB RRRY RYYY,RBBY YYYB YYYY RYRY RYYB YBYB,RRBB YYBB BBBB RBRB RRBY RYRB,YBBB RBBB RYBB RYBY RRRB RRYY
206,97244,104125,RBYB RBYY RRRR RRYB RRRY RYYY,RYBY RYBB YYYY RYRB RYRY YBYB,YYBB RBBY BBBB RYYB RBRB YYYB,YBBB RRBY RRBB RBBB RRRB RRYY
207,97502,137703,RBYB RBYY RRRR RRRB RRYY RYYY,YBYB RYBB YYYY RRBY RYRY RYBY,YYBB RBBY BBBB RYYB RBRB YYYB,YBBB RYRB RRBB RBBB RRRY RRYB
208,97503,137704,RBYB RBYY RRRR RRRB RRYY RYYY,YBYB RYBB YYYY RRBY RYRY RYBY,YYBB RBBY BBBB RYYB RBRB YYYB,YBBB RRBB RBBB RYRB RRYB RRRY
209,97560,137666,RBYB RBYY RRRR RRRB RRYY RYYY,YBYB RRYB YYYY RBBY RYRY RYBY,RYBB RBBB BBBB RYRB RBRB YYBB,YBBB YYYB RRBY RRBB RRRY RYYB
210,97619,137846,RBYB RBYY RRRR RRRB RRYY RYYY,YYYB RRYB YYYY RYYB RYBY RYRY,RYBB RBBB BBBB RBRB RYRB YBYB,YBBB YYBB RBBY RRBB RRRY RRBY
211,98057,138369,RBYB RBYY RRRR RRRB RRRY RRYY,YBYB RYBB YYYY RRBY RYRY RYBY,YBBB RBBB BBBB RRBB RBRB RBBY,YYBB RYRB RYYB YYYB RYYY RRYB
212,98075,138381,RBYB RBYY RRRR RRRB RRRY RRYY,YBYB RYBB YYYY RRBY RYRY RYBY,YYBB RBBY BBBB RYYB RBRB YYYB,YBBB RRBB RBBB RRYB RYRB RYYY
213,98604,138606,RBYB RBYY RRRR RRRB RRRY RRYY,RRBY YYYB YYYY RYRY RYYB RYBY,YBBB RBBB BBBB RRBB RBRB RBBY,YYBB RYRB RYBB YBYB RYYY RRYB
214,98605,138607,RBYB RBYY RRRR RRRB RRRY RRYY,RRBY YYYB YYYY RYRY RYYB RYBY,RBBY RBBB BBBB YBBB RRBB RBRB,YYBB RYRB RYBB YBYB RYYY RRYB
215,102106,116947,RBYB RRBY RRRR RBRB RRRB RRYY,YYYB RYBB YYYY RBYY RYRY YBYB,YBBB RBBB BBBB YYBB RRBB RBBY,RYBY RYYB RYYY RRYB RYRB RRRY
216,104459,130265,RBYB RRBY RRRR RYRB RRYY RYYY,YYYB RYBB YYYY RBYY RYRY YBYB,RBBY RBBB BBBB YBBB RRBB RBRB,YYBB RRYB RYBY RYYB RRRB RRRY
217,104495,130256,RBYB RRBY RRRR RYRB RRYY RYYY,YYYB RRYB YYYY RYYB RYBY RYRY,RYBB YBBB BBBB RBRB RBYY YBYB,RBBB YYBB RBBY RRBB RRRY RRRB
218,104496,130255,RBYB RRBY RRRR RYRB RRYY RYYY,YYYB RRYB YYYY RYYB RYBY RYRY,RYBB YBBB BBBB RBRB RBYY YBYB,RBBB RRBB YYBB RBBY RRRY RRRB
219,104508,130303,RBYB RRBY RRRR RYRB RRYY RYYY,YYYB RRYB YYYY RBYY RYRY RYBY,YBBB RBBY BBBB RYYB RBRB YBYB,RBBB RRBB RYBB YYBB RRRY RRRB
220,107184,139521,RBYB RRBY RRRR RRRB RRRY RYYY,YYBB RYBY YYYY RRYY RYRY RYYB,RYBB YBBB BBBB RBRB RBYY YBYB,RBBB RRYB YYYB RBBY RYRB RRBB
221,107368,139377,RBYB RRBY RRRR RRRB RRRY RYYY,YYYB RRYB YYYY RYYB RYBY RYRY,RYBB YBBB BBBB RBRB RBYY YBYB,RBBB YYBB RBBY RRBB RRYY RYRB
222,111020,125323,RBYB RBRB RRRR RYRB RBYY RYRY,YBYB RYYB YYYY RBBY RYYY RYBY,RBBB RRBB BBBB YYBB RRYB RRRY,YBBB RRBY RRRB RYBB RRYY YYYB
223,141887,173900,RBRB RBBY RRRR RYYB RYRY RYRB,YBYB YYBB YYYY RRBY RYYY RYBY,RBBB RYBB BBBB RRBB RBYB RRRB,YBBB RRYB YYYB RBYY RRYY RRRY
224,142220,173895,RBRB RBBY RRRR RYYB RYRY RYRB,YBYB RRYB YYYY RBYY RRYY RRRY,RBBB RYBB BBBB RRBB RBYB RRRB,YBBB YYBB YYYB RRBY RYYY RYBY
225,145429,202136,RBRB RBBY RRRR RYRB RYRY RRRB,YBYB RYBB YYYY RBYY RYYY RYBY,RBBB RRBB BBBB YYBB RBYB RRYB,YBBB RYYB YYYB RRBY RRYY RRRY
226,146315,203318,RBRB RBBY RRRR RYRB RYRY RRRB,YYBB RYBY YYYY RYYY RRYY RRYB,RBBB RYBB BBBB RBYY YBYB RBYB,YBBB YYYB RRBY RRBB RRRY RYYB
227,150365,186594,RBRB RBBY RRRR RRYB RRRY RYRB,YBYB RYYB YYYY RRBY RYYY RYRY,RBBB RYBB BBBB RRBB RBYB RRRB,YBBB YYBB YYYB RYBY RRYY RBYY
228,150693,187099,RBRB RBBY RRRR RRYB RRRY RYRB,YYYB RYYY YYYY RRYY RYRY RYYB,YYBB RBBB BBBB YBBB RYBB YBYB,RRBB RBYB RBYY RRRB RYBY RRBY
229,150897,187059,RBRB RBBY RRRR RRYB RRRY RYRB,RBYY RYBY YYYY YYYB RRBY RYRY,YBBB RRBB BBBB YYBB RYYB RYYY,RBBB RRRB RBYB YBYB RYBB RRYY
230,150977,186840,RBRB RBBY RRRR RRYB RRRY RYRB,RRBY YYBB YYYY RRYY RYYY RRRB,RYBB RBBB BBBB RBYB RYYB YBYB,YBBB RYBY RBYY RRBB RYRY YYYB
231,157201,180636,RBRB RRBB RRRR RYYB RRRY RYRB,RBYY RYBY YYYY YYYB RRBY RYRY,RBBB YYBB BBBB YBBB YBYB RBBY,RYBB RRRB RBYB RYYY RRYB RRYY
232,157881,208459,RBRB RRBB RRRR RYRB RRYY RRYB,YBYB RYYB YYYY RRBY RYYY RYRY,YBBB RBBY BBBB YYBB RBYB YYYB,RBBB RYBB RYBY RBYY RRRY RRRB
233,158142,208725,RBRB RRBB RRRR RYRB RRYY RRYB,RBYY RYBY YYYY YYYB RRBY RYRY,RBBB YBBB BBBB YYBB YBYB RYBB,RBBY RRRB RBYB RYYY RYYB RRRY
234,158143,208726,RBRB RRBB RRRR RYRB RRYY RRYB,RBYY RYBY YYYY YYYB RRBY RYRY,YYBB RBBB BBBB YBBB RYBB YBYB,RBBY RRRB RBYB RYYY RYYB RRRY
235,158258,208900,RBRB RRBB RRRR RYRB RRYY RRYB,RBBY RYBY YYYY RYYY RBYY YBYB,YBBB YYBB BBBB RYBB RBYB YYYB,RBBB RRBY RRRB RYYB RRRY RYRY
236,168978,220653,RRRB RRBB RRRR RRYB RRRY RBRB,YYBB RYYB YYYY RRYY RYYY RYRB,RBBB RBBY BBBB RBYY RBYB YBYB,YBBB RYBB YYYB RRBY RYRY RYBY
237,169810,220567,RRRB RRBB RRRR RRYB RRRY RBRB,RBYY RYBY YYYY YYYB RRBY RYRY,RYBB RBBB BBBB RBYB RYYB YBYB,YBBB YYBB RBBY RYRB RYYY RRYY
238,181480,188032,RBRB RBYY RRRR RRYB RRYY RYYY,RBBY YYYB YYYY RYRY RYYB YBYB,YYBB RRBB BBBB YBBB RYBB RYBY,RBBB RRRB RBYB RRBY RYRB RRRY
239,181481,188031,RBRB RBYY RRRR RRYB RRYY RYYY,RBBY YYYB YYYY RYRY RYYB YBYB,YYBB RRBB BBBB YBBB RYBB RYBY,RBBB RRRB RYRB RBYB RRBY RRRY
240,182729,189099,RBRB RBYY RRRR RRYB RRRY RYRY,YBYB RYYB YYYY YYYB RYYY RRYY,YYBB RRBB BBBB YBBB RYBB RYBY,RBBB RRBY RBYB RBBY RRRB RYRB
241,183835,190661,RBRB RBYY RRRR RRYB RRRY RYRY,RYBY RYBB YYYY RYYB RYYY YBYB,RBBY RBBB BBBB YYBB RRBB RYRB,YBBB YYYB RBYB RRRB RRBY RRYY
242,183972,189916,RBRB RBYY RRRR RRYB RRRY RYRY,RRBY YYBB YYYY RRYY YYYB RRBB,RYBB RBBB BBBB RBYB RYYB YBYB,YBBB RBBY RRRB RYRB RYYY RYBY
